{
  "Working Directory" : "\/Users\/uenoyuuta",
  "Prompt Before Closing 2" : false,
  "Selected Text Color" : {
    "Green Component" : 0.08854258805513382,
    "Blue Component" : 0.18841134011745453,
    "Red Component" : 0.013744968920946121
  },
  "Rows" : 30,
  "Ansi 11 Color" : {
    "Red Component" : 1,
    "Color Space" : "sRGB",
    "Blue Component" : 0.47320586440000001,
    "Alpha Component" : 1,
    "Green Component" : 0.83234566450000003
  },
  "Use Italic Font" : true,
  "Foreground Color" : {
    "Green Component" : 0.15057235956192017,
    "Blue Component" : 0.1505386084318161,
    "Red Component" : 0.1505434513092041
  },
  "Use Custom Window Title" : false,
  "Right Option Key Sends" : 0,
  "Character Encoding" : 4,
  "Selection Color" : {
    "Green Component" : 0.82602226734161377,
    "Blue Component" : 0.98912590742111206,
    "Red Component" : 0.43567422032356262
  },
  "Blend" : 0.49639402425323836,
  "Show Mark Indicators" : true,
  "Mouse Reporting" : true,
  "Ansi 4 Color" : {
    "Green Component" : 0.36158645153045654,
    "Blue Component" : 0.81495386362075806,
    "Red Component" : 0.07380387932062149
  },
  "Non-ASCII Anti Aliased" : true,
  "Sync Title" : false,
  "Disable Window Resizing" : true,
  "Description" : "Default",
  "Close Sessions On End" : true,
  "Jobs to Ignore" : [
    "rlogin",
    "ssh",
    "slogin",
    "telnet"
  ],
  "Scrollback Lines" : 0,
  "Draw Powerline Glyphs" : false,
  "Hide After Opening" : false,
  "Flashing Bell" : false,
  "Cursor Guide Color" : {
    "Red Component" : 0.70213186740875244,
    "Color Space" : "sRGB",
    "Blue Component" : 1,
    "Alpha Component" : 0.25,
    "Green Component" : 0.9268307089805603
  },
  "BM Growl" : false,
  "Ansi 3 Color" : {
    "Green Component" : 0.43876776099205017,
    "Blue Component" : 0.11253979057073593,
    "Red Component" : 0.97978848218917847
  },
  "Icon" : 0,
  "Use Non-ASCII Font" : false,
  "Link Color" : {
    "Red Component" : 0,
    "Color Space" : "sRGB",
    "Blue Component" : 0.73423302173614502,
    "Alpha Component" : 1,
    "Green Component" : 0.35916060209274292
  },
  "Shortcut" : "",
  "Background Image Location" : "",
  "Bold Color" : {
    "Green Component" : 0.10000000149011612,
    "Blue Component" : 0.10000000149011612,
    "Red Component" : 0.10000000149011612
  },
  "Unlimited Scrollback" : true,
  "Custom Command" : "No",
  "Keyboard Map" : {
    "0xf703-0x2a0000" : {
      "Text" : "1",
      "Action" : 46
    },
    "0xf703-0x220000" : {
      "Text" : "0",
      "Action" : 46
    },
    "0xf702-0x2a0000" : {
      "Text" : "1",
      "Action" : 47
    },
    "0xf702-0x220000" : {
      "Text" : "0",
      "Action" : 47
    }
  },
  "Ansi 14 Color" : {
    "Green Component" : 0.83587288856506348,
    "Blue Component" : 0.80853527784347534,
    "Red Component" : 0.22631707787513733
  },
  "Ansi 2 Color" : {
    "Green Component" : 0.53953248262405396,
    "Blue Component" : 0.36387753486633301,
    "Red Component" : 0.1972733736038208
  },
  "Background Image Is Tiled" : false,
  "Send Code When Idle" : false,
  "ASCII Anti Aliased" : true,
  "Tags" : [

  ],
  "Ansi 9 Color" : {
    "Green Component" : 0.016514284536242485,
    "Blue Component" : 0.086500242352485657,
    "Red Component" : 0.98624712228775024
  },
  "Use Bold Font" : true,
  "Silence Bell" : true,
  "Ansi 12 Color" : {
    "Green Component" : 0.43820154666900635,
    "Blue Component" : 0.99841046333312988,
    "Red Component" : 0.08565259724855423
  },
  "Window Type" : 0,
  "Use Bright Bold" : true,
  "Cursor Text Color" : {
    "Green Component" : 1,
    "Blue Component" : 1,
    "Red Component" : 1
  },
  "Default Bookmark" : "No",
  "Cursor Color" : {
    "Red Component" : 0,
    "Color Space" : "sRGB",
    "Blue Component" : 0.57461684940000002,
    "Alpha Component" : 1,
    "Green Component" : 0.56904578210000001
  },
  "Ansi 1 Color" : {
    "Green Component" : 0.15524184703826904,
    "Blue Component" : 0.1637156754732132,
    "Red Component" : 0.9720916748046875
  },
  "Name" : "Default",
  "Blinking Cursor" : true,
  "Guid" : "9C6392AE-C363-469E-9422-A8FA44D9832D",
  "Idle Code" : 0,
  "Ansi 10 Color" : {
    "Green Component" : 0.77650481462478638,
    "Blue Component" : 0.1936781108379364,
    "Red Component" : 0.17413772642612457
  },
  "Ansi 8 Color" : {
    "Green Component" : 0.34117650985717773,
    "Blue Component" : 0.32549020648002625,
    "Red Component" : 0.33333331346511841
  },
  "Badge Color" : {
    "Red Component" : 1,
    "Color Space" : "sRGB",
    "Blue Component" : 0,
    "Alpha Component" : 0.5,
    "Green Component" : 0.1491314172744751
  },
  "Ambiguous Double Width" : false,
  "Blur Radius" : 0.10000000000000001,
  "Background Image Mode" : 0,
  "Cursor Type" : 1,
  "Ansi 0 Color" : {
    "Green Component" : 0,
    "Blue Component" : 0,
    "Red Component" : 0
  },
  "Blur" : false,
  "Vertical Spacing" : 1.2,
  "Normal Font" : "SFMono-Medium 16",
  "Ansi 7 Color" : {
    "Green Component" : 0.70063519477844238,
    "Blue Component" : 0.70064705610275269,
    "Red Component" : 0.70065617561340332
  },
  "Space" : 0,
  "Command" : "",
  "Terminal Type" : "xterm-256color",
  "Horizontal Spacing" : 1,
  "Option Key Sends" : 0,
  "Only The Default BG Color Uses Transparency" : false,
  "Blink Allowed" : false,
  "Minimum Contrast" : 0,
  "Ansi 15 Color" : {
    "Green Component" : 0.93333327770233154,
    "Blue Component" : 0.92549020051956177,
    "Red Component" : 0.93333327770233154
  },
  "Ansi 6 Color" : {
    "Green Component" : 0.76336860656738281,
    "Blue Component" : 0.75492179393768311,
    "Red Component" : 0.19977511465549469
  },
  "Transparency" : 0,
  "Background Color" : {
    "Green Component" : 1,
    "Blue Component" : 1,
    "Red Component" : 1
  },
  "Screen" : -1,
  "Non Ascii Font" : "SFMono-Regular 18",
  "Ansi 13 Color" : {
    "Green Component" : 0,
    "Blue Component" : 0.69145762920379639,
    "Red Component" : 0.91289031505584717
  },
  "Columns" : 100,
  "Visual Bell" : false,
  "Custom Directory" : "No",
  "Ansi 5 Color" : {
    "Green Component" : 0,
    "Blue Component" : 0.74095052480697632,
    "Red Component" : 0.62382864952087402
  }
}